name,team,ab,h,hr,r,rbi,bb,so,sb,obp,slg,date,game_id
Chase Lee,,0,0,0,0,0,0,0,0,0.0,0.0,2025-06-26,777351
Brant Hurter,,0,0,0,0,0,0,0,0,0.0,0.0,2025-06-26,777351
Dylan Smith,,0,0,0,0,0,0,0,0,0.0,0.0,2025-06-26,777351
Zach McKinstry,,4,3,0,1,2,0,0,1,0.0,0.0,2025-06-26,777351
Tarik Skubal,,0,0,0,0,0,0,0,0,0.0,0.0,2025-06-26,777351
Trey Sweeney,,0,0,0,0,0,0,0,0,0.0,0.0,2025-06-26,777351
Casey Mize,,0,0,0,0,0,0,0,0,0.0,0.0,2025-06-26,777351
Jahmai Jones,,3,1,0,0,2,0,1,0,0.0,0.0,2025-06-26,777351
Javier Báez,,4,1,0,0,0,0,0,0,0.0,0.0,2025-06-26,777351
Riley Greene,,4,0,0,0,0,0,1,0,0.0,0.0,2025-06-26,777351
Tyler Holton,,0,0,0,0,0,0,0,0,0.0,0.0,2025-06-26,777351
Kerry Carpenter,,1,1,0,0,0,0,0,0,0.0,0.0,2025-06-26,777351
Jack Flaherty,,0,0,0,0,0,0,0,0,0.0,0.0,2025-06-26,777351
Spencer Torkelson,,4,2,1,2,1,0,1,0,0.0,0.0,2025-06-26,777351
Carlos Hernández,,0,0,0,0,0,0,0,0,0.0,0.0,2025-06-26,777351
Jake Rogers,,2,0,0,0,1,1,0,0,0.0,0.0,2025-06-26,777351
Gleyber Torres,,3,1,1,2,2,1,0,0,0.0,0.0,2025-06-26,777351
Sawyer Gipson-Long,,0,0,0,0,0,0,0,0,0.0,0.0,2025-06-26,777351
Tommy Kahnle,,0,0,0,0,0,0,0,0,0.0,0.0,2025-06-26,777351
Brenan Hanifee,,0,0,0,0,0,0,0,0,0.0,0.0,2025-06-26,777351
Dietrich Enns,,0,0,0,0,0,0,0,0,0.0,0.0,2025-06-26,777351
Parker Meadows,,4,2,0,2,0,0,0,0,0.0,0.0,2025-06-26,777351
Dillon Dingler,,0,0,0,0,0,0,0,0,0.0,0.0,2025-06-26,777351
Will Vest,,0,0,0,0,0,0,0,0,0.0,0.0,2025-06-26,777351
Colt Keith,,0,0,0,0,0,0,0,0,0.0,0.0,2025-06-26,777351
Wenceel Pérez,,4,1,0,1,0,0,2,0,0.0,0.0,2025-06-26,777351
Lawrence Butler,,1,0,0,0,0,0,0,0,0.0,0.0,2025-06-26,777351
Luis Severino,,0,0,0,0,0,0,0,0,0.0,0.0,2025-06-26,777351
Luis Urías,,3,0,0,0,0,0,0,0,0.0,0.0,2025-06-26,777351
Mason Miller,,0,0,0,0,0,0,0,0,0.0,0.0,2025-06-26,777351
Brent Rooker,,4,0,0,0,0,0,1,0,0.0,0.0,2025-06-26,777351
J.T. Ginn,,0,0,0,0,0,0,0,0,0.0,0.0,2025-06-26,777351
Austin Wynns,,3,0,0,0,0,0,0,0,0.0,0.0,2025-06-26,777351
T.J. McFarland,,0,0,0,0,0,0,0,0,0.0,0.0,2025-06-26,777351
Tyler Ferguson,,0,0,0,0,0,0,0,0,0.0,0.0,2025-06-26,777351
Willie MacIver,,0,0,0,0,0,0,0,0,0.0,0.0,2025-06-26,777351
Mitch Spence,,0,0,0,0,0,0,0,0,0.0,0.0,2025-06-26,777351
Max Schuemann,,2,1,0,0,0,0,0,1,0.0,0.0,2025-06-26,777351
Michael Kelly,,0,0,0,0,0,0,0,0,0.0,0.0,2025-06-26,777351
Jacob Lopez,,0,0,0,0,0,0,0,0,0.0,0.0,2025-06-26,777351
Gio Urshela,,2,0,0,0,0,1,1,0,0.0,0.0,2025-06-26,777351
Max Muncy,,3,0,0,0,0,0,1,0,0.0,0.0,2025-06-26,777351
Denzel Clarke,,1,0,0,0,0,1,0,0,0.0,0.0,2025-06-26,777351
Tyler Soderstrom,,1,0,0,0,0,0,0,0,0.0,0.0,2025-06-26,777351
Nick Kurtz,,4,1,0,0,0,0,2,0,0.0,0.0,2025-06-26,777351
Hogan Harris,,0,0,0,0,0,0,0,0,0.0,0.0,2025-06-26,777351
Jack Perkins,,0,0,0,0,0,0,0,0,0.0,0.0,2025-06-26,777351
Sean Newcomb,,0,0,0,0,0,0,0,0,0.0,0.0,2025-06-26,777351
Jeffrey Springs,,0,0,0,0,0,0,0,0,0.0,0.0,2025-06-26,777351
JJ Bleday,,0,0,0,0,0,0,0,0,0.0,0.0,2025-06-26,777351
JP Sears,,0,0,0,0,0,0,0,0,0.0,0.0,2025-06-26,777351
Jacob Wilson,,4,1,0,0,0,0,0,0,0.0,0.0,2025-06-26,777351
Luis L. Ortiz,,0,0,0,0,0,0,0,0,0.0,0.0,2025-06-26,777354
Austin Hedges,,0,0,0,0,0,0,0,0,0.0,0.0,2025-06-26,777354
Emmanuel Clase,,0,0,0,0,0,0,0,0,0.0,0.0,2025-06-26,777354
Daniel Schneemann,,3,0,0,0,0,0,0,0,0.0,0.0,2025-06-26,777354
Slade Cecconi,,0,0,0,0,0,0,0,0,0.0,0.0,2025-06-26,777354
Johnathan Rodríguez,,0,0,0,0,0,0,0,0,0.0,0.0,2025-06-26,777354
Gabriel Arias,,3,0,0,0,0,0,2,0,0.0,0.0,2025-06-26,777354
Matt Festa,,0,0,0,0,0,0,0,0,0.0,0.0,2025-06-26,777354
Nolan Jones,,1,0,0,0,0,1,0,0,0.0,0.0,2025-06-26,777354
Bo Naylor,,3,0,0,0,0,0,1,0,0.0,0.0,2025-06-26,777354
Logan Allen,,0,0,0,0,0,0,0,0,0.0,0.0,2025-06-26,777354
David Fry,,0,0,0,0,0,0,0,0,0.0,0.0,2025-06-26,777354
Cade Smith,,0,0,0,0,0,0,0,0,0.0,0.0,2025-06-26,777354
José Ramírez,,1,0,0,0,0,0,0,1,0.0,0.0,2025-06-26,777354
Steven Kwan,,4,1,0,0,0,0,0,0,0.0,0.0,2025-06-26,777354
Angel Martínez,,3,0,0,0,0,0,0,0,0.0,0.0,2025-06-26,777354
Kolby Allard,,0,0,0,0,0,0,0,0,0.0,0.0,2025-06-26,777354
Kyle Manzardo,,4,1,0,0,0,0,1,0,0.0,0.0,2025-06-26,777354
Jakob Junis,,0,0,0,0,0,0,0,0,0.0,0.0,2025-06-26,777354
Zak Kent,,0,0,0,0,0,0,0,0,0.0,0.0,2025-06-26,777354
Gavin Williams,,0,0,0,0,0,0,0,0,0.0,0.0,2025-06-26,777354
Hunter Gaddis,,0,0,0,0,0,0,0,0,0.0,0.0,2025-06-26,777354
Tanner Bibee,,0,0,0,0,0,0,0,0,0.0,0.0,2025-06-26,777354
Tim Herrin,,0,0,0,0,0,0,0,0,0.0,0.0,2025-06-26,777354
Lane Thomas,,3,0,0,0,0,1,0,1,0.0,0.0,2025-06-26,777354
Carlos Santana,,4,0,0,0,0,0,3,0,0.0,0.0,2025-06-26,777354
Bo Bichette,,5,0,0,0,0,0,2,0,0.0,0.0,2025-06-26,777354
Jonatan Clase,,3,1,0,2,0,1,1,0,0.0,0.0,2025-06-26,777354
Nick Sandlin,,0,0,0,0,0,0,0,0,0.0,0.0,2025-06-26,777354
Brendon Little,,0,0,0,0,0,0,0,0,0.0,0.0,2025-06-26,777354
Ernie Clement,,3,0,0,1,0,1,0,0,0.0,0.0,2025-06-26,777354
Chris Bassitt,,0,0,0,0,0,0,0,0,0.0,0.0,2025-06-26,777354
Kevin Gausman,,0,0,0,0,0,0,0,0,0.0,0.0,2025-06-26,777354
Andrés Giménez,,4,0,0,0,0,0,2,0,0.0,0.0,2025-06-26,777354
Eric Lauer,,0,0,0,0,0,0,0,0,0.0,0.0,2025-06-26,777354
Jeff Hoffman,,0,0,0,0,0,0,0,0,0.0,0.0,2025-06-26,777354
Alan Roden,,0,0,0,0,0,0,0,0,0.0,0.0,2025-06-26,777354
Davis Schneider,,2,0,0,0,0,0,1,0,0.0,0.0,2025-06-26,777354
José Berríos,,0,0,0,0,0,0,0,0,0.0,0.0,2025-06-26,777354
Nathan Lukes,,3,1,0,0,2,1,1,0,0.0,0.0,2025-06-26,777354
Addison Barger,,4,1,0,1,0,0,2,0,0.0,0.0,2025-06-26,777354
Max Scherzer,,0,0,0,0,0,0,0,0,0.0,0.0,2025-06-26,777354
George Springer,,0,0,0,0,0,0,0,0,0.0,0.0,2025-06-26,777354
Mason Fluharty,,0,0,0,0,0,0,0,0,0.0,0.0,2025-06-26,777354
Chad Green,,0,0,0,0,0,0,0,0,0.0,0.0,2025-06-26,777354
Yariel Rodríguez,,0,0,0,0,0,0,0,0,0.0,0.0,2025-06-26,777354
Braydon Fisher,,0,0,0,0,0,0,0,0,0.0,0.0,2025-06-26,777354
Tyler Heineman,,2,0,0,1,0,0,0,0,0.0,0.0,2025-06-26,777354
Vladimir Guerrero Jr.,,1,0,0,0,0,0,0,0,0.0,0.0,2025-06-26,777354
Paxton Schultz,,0,0,0,0,0,0,0,0,0.0,0.0,2025-06-26,777354
Myles Straw,,3,2,0,1,0,0,0,1,0.0,0.0,2025-06-26,777354
Alejandro Kirk,,1,1,0,0,2,0,0,0,0.0,0.0,2025-06-26,777354
Justin Topa,,0,0,0,0,0,0,0,0,0.0,0.0,2025-06-26,777356
Jhoan Duran,,0,0,0,0,0,0,0,0,0.0,0.0,2025-06-26,777356
Kody Clemens,,4,1,0,1,0,1,1,0,0.0,0.0,2025-06-26,777356
Brooks Lee,,4,1,1,1,1,1,1,0,0.0,0.0,2025-06-26,777356
Louis Varland,,0,0,0,0,0,0,0,0,0.0,0.0,2025-06-26,777356
Jonah Bride,,1,1,0,0,0,0,0,0,0.0,0.0,2025-06-26,777356
Simeon Woods Richardson,,0,0,0,0,0,0,0,0,0.0,0.0,2025-06-26,777356
Willi Castro,,3,1,0,1,1,1,0,0,0.0,0.0,2025-06-26,777356
David Festa,,0,0,0,0,0,0,0,0,0.0,0.0,2025-06-26,777356
Ryan Jeffers,,3,0,0,1,0,2,0,0,0.0,0.0,2025-06-26,777356
Harrison Bader,,0,0,0,0,0,0,0,0,0.0,0.0,2025-06-26,777356
Ty France,,4,2,0,0,0,0,0,0,0.0,0.0,2025-06-26,777356
DaShawn Keirsey Jr.,,0,0,0,0,0,0,0,0,0.0,0.0,2025-06-26,777356
Cole Sands,,0,0,0,0,0,0,0,0,0.0,0.0,2025-06-26,777356
Griffin Jax,,0,0,0,0,0,0,0,0,0.0,0.0,2025-06-26,777356
Carlos Correa,,4,1,0,1,2,0,0,0,0.0,0.0,2025-06-26,777356
Brock Stewart,,0,0,0,0,0,0,0,0,0.0,0.0,2025-06-26,777356
Joey Wentz,,0,0,0,0,0,0,0,0,0.0,0.0,2025-06-26,777356
Bailey Ober,,0,0,0,0,0,0,0,0,0.0,0.0,2025-06-26,777356
Chris Paddack,,0,0,0,0,0,0,0,0,0.0,0.0,2025-06-26,777356
Trevor Larnach,,5,2,1,2,3,0,1,0,0.0,0.0,2025-06-26,777356
Byron Buxton,,4,1,0,2,1,1,0,0,0.0,0.0,2025-06-26,777356
Danny Coulombe,,0,0,0,0,0,0,0,0,0.0,0.0,2025-06-26,777356
Joe Ryan,,0,0,0,0,0,0,0,0,0.0,0.0,2025-06-26,777356
Christian Vázquez,,0,0,0,0,0,0,0,0,0.0,0.0,2025-06-26,777356
Matt Wallner,,4,1,1,1,2,1,0,0,0.0,0.0,2025-06-26,777356
Cole Young,,4,0,0,0,0,0,0,0,0.0,0.0,2025-06-26,777356
Donovan Solano,,3,1,0,0,0,1,0,0,0.0,0.0,2025-06-26,777356
Randy Arozarena,,4,1,0,0,0,0,2,0,0.0,0.0,2025-06-26,777356
J.P. Crawford,,4,1,0,0,0,0,1,0,0.0,0.0,2025-06-26,777356
Casey Legumina,,0,0,0,0,0,0,0,0,0.0,0.0,2025-06-26,777356
Dominic Canzone,,4,1,0,1,0,0,1,0,0.0,0.0,2025-06-26,777356
Cal Raleigh,,3,0,0,0,0,1,1,0,0.0,0.0,2025-06-26,777356
Miles Mastrobuoni,,1,1,0,0,1,0,0,0,0.0,0.0,2025-06-26,777356
Matt Brash,,0,0,0,0,0,0,0,0,0.0,0.0,2025-06-26,777356
Zach Pop,,0,0,0,0,0,0,0,0,0.0,0.0,2025-06-26,777356
Logan Gilbert,,0,0,0,0,0,0,0,0,0.0,0.0,2025-06-26,777356
Bryan Woo,,0,0,0,0,0,0,0,0,0.0,0.0,2025-06-26,777356
Trent Thornton,,0,0,0,0,0,0,0,0,0.0,0.0,2025-06-26,777356
Luis Castillo,,0,0,0,0,0,0,0,0,0.0,0.0,2025-06-26,777356
George Kirby,,0,0,0,0,0,0,0,0,0.0,0.0,2025-06-26,777356
Dylan Moore,,1,0,0,0,0,0,0,0,0.0,0.0,2025-06-26,777356
Andrés Muñoz,,0,0,0,0,0,0,0,0,0.0,0.0,2025-06-26,777356
Mitch Garver,,2,1,0,0,0,0,1,0,0.0,0.0,2025-06-26,777356
Gabe Speier,,0,0,0,0,0,0,0,0,0.0,0.0,2025-06-26,777356
Julio Rodríguez,,4,0,0,0,0,0,2,0,0.0,0.0,2025-06-26,777356
Eduard Bazardo,,0,0,0,0,0,0,0,0,0.0,0.0,2025-06-26,777356
Ben Williamson,,3,0,0,0,0,0,1,0,0.0,0.0,2025-06-26,777356
Jorge Polanco,,0,0,0,0,0,0,0,0,0.0,0.0,2025-06-26,777356
Luke Raley,,0,0,0,0,0,0,0,0,0.0,0.0,2025-06-26,777356
Emerson Hancock,,0,0,0,0,0,0,0,0,0.0,0.0,2025-06-26,777356
Carlos Vargas,,0,0,0,0,0,0,0,0,0.0,0.0,2025-06-26,777356
Freddy Fermin,,2,0,0,0,0,1,0,0,0.0,0.0,2025-06-26,777353
Sam Long,,0,0,0,0,0,0,0,0,0.0,0.0,2025-06-26,777353
Jonathan India,,4,2,0,0,0,0,1,0,0.0,0.0,2025-06-26,777353
Tyler Tolbert,,0,0,0,0,0,0,0,0,0.0,0.0,2025-06-26,777353
Salvador Perez,,0,0,0,0,0,0,0,0,0.0,0.0,2025-06-26,777353
Nick Loftin,,3,0,0,0,0,0,0,0,0.0,0.0,2025-06-26,777353
John Rave,,0,0,0,0,0,0,0,0,0.0,0.0,2025-06-26,777353
Drew Waters,,3,0,0,0,0,0,3,0,0.0,0.0,2025-06-26,777353
Mark Canha,,3,0,0,0,0,0,1,0,0.0,0.0,2025-06-26,777353
Lucas Erceg,,0,0,0,0,0,0,0,0,0.0,0.0,2025-06-26,777353
Kris Bubic,,0,0,0,0,0,0,0,0,0.0,0.0,2025-06-26,777353
Taylor Clarke,,0,0,0,0,0,0,0,0,0.0,0.0,2025-06-26,777353
Carlos Estévez,,0,0,0,0,0,0,0,0,0.0,0.0,2025-06-26,777353
Vinnie Pasquantino,,4,2,0,0,0,0,2,0,0.0,0.0,2025-06-26,777353
Kyle Isbel,,0,0,0,0,0,0,0,0,0.0,0.0,2025-06-26,777353
Daniel Lynch IV,,0,0,0,0,0,0,0,0,0.0,0.0,2025-06-26,777353
Michael Lorenzen,,0,0,0,0,0,0,0,0,0.0,0.0,2025-06-26,777353
Michael Wacha,,0,0,0,0,0,0,0,0,0.0,0.0,2025-06-26,777353
Maikel Garcia,,4,1,0,0,0,0,1,0,0.0,0.0,2025-06-26,777353
Seth Lugo,,0,0,0,0,0,0,0,0,0.0,0.0,2025-06-26,777353
Noah Cameron,,0,0,0,0,0,0,0,0,0.0,0.0,2025-06-26,777353
Angel Zerpa,,0,0,0,0,0,0,0,0,0.0,0.0,2025-06-26,777353
Jac Caglianone,,3,0,0,0,0,0,1,0,0.0,0.0,2025-06-26,777353
Steven Cruz,,0,0,0,0,0,0,0,0,0.0,0.0,2025-06-26,777353
John Schreiber,,0,0,0,0,0,0,0,0,0.0,0.0,2025-06-26,777353
Bobby Witt Jr.,,4,0,0,0,0,0,0,0,0.0,0.0,2025-06-26,777353
Taylor Walls,,4,1,0,0,0,0,0,0,0.0,0.0,2025-06-26,777353
José Caballero,,0,0,0,0,0,0,0,0,0.0,0.0,2025-06-26,777353
Taj Bradley,,0,0,0,0,0,0,0,0,0.0,0.0,2025-06-26,777353
Brandon Lowe,,4,1,1,1,1,0,1,0,0.0,0.0,2025-06-26,777353
Pete Fairbanks,,0,0,0,0,0,0,0,0,0.0,0.0,2025-06-26,777353
Christopher Morel,,0,0,0,0,0,0,0,0,0.0,0.0,2025-06-26,777353
Ryan Pepiot,,0,0,0,0,0,0,0,0,0.0,0.0,2025-06-26,777353
Matt Thaiss,,4,0,0,0,0,0,1,0,0.0,0.0,2025-06-26,777353
Shane Baz,,0,0,0,0,0,0,0,0,0.0,0.0,2025-06-26,777353
Chandler Simpson,,4,1,0,0,0,0,0,0,0.0,0.0,2025-06-26,777353
Mason Montgomery,,0,0,0,0,0,0,0,0,0.0,0.0,2025-06-26,777353
Jake Mangum,,4,1,0,1,1,0,1,0,0.0,0.0,2025-06-26,777353
Curtis Mead,,0,0,0,0,0,0,0,0,0.0,0.0,2025-06-26,777353
Garrett Cleavinger,,0,0,0,0,0,0,0,0,0.0,0.0,2025-06-26,777353
Kevin Kelly,,0,0,0,0,0,0,0,0,0.0,0.0,2025-06-26,777353
Edwin Uceta,,0,0,0,0,0,0,0,0,0.0,0.0,2025-06-26,777353
Jonathan Aranda,,4,1,0,1,0,0,2,0,0.0,0.0,2025-06-26,777353
Josh Lowe,,4,3,0,0,1,0,0,1,0.0,0.0,2025-06-26,777353
Zack Littell,,0,0,0,0,0,0,0,0,0.0,0.0,2025-06-26,777353
Forrest Whitley,,0,0,0,0,0,0,0,0,0.0,0.0,2025-06-26,777353
Danny Jansen,,0,0,0,0,0,0,0,0,0.0,0.0,2025-06-26,777353
Yandy Díaz,,3,0,0,0,0,1,1,0,0.0,0.0,2025-06-26,777353
Junior Caminero,,4,1,1,1,1,0,1,0,0.0,0.0,2025-06-26,777353
Drew Rasmussen,,0,0,0,0,0,0,0,0,0.0,0.0,2025-06-26,777353
Eric Orze,,0,0,0,0,0,0,0,0,0.0,0.0,2025-06-26,777353
Paul Gervase,,0,0,0,0,0,0,0,0,0.0,0.0,2025-06-26,777353
Framber Valdez,,0,0,0,0,0,0,0,0,0.0,0.0,2025-06-26,777350
Isaac Paredes,,3,0,0,1,0,0,1,0,0.0,0.0,2025-06-26,777350
Bryan Abreu,,0,0,0,0,0,0,0,0,0.0,0.0,2025-06-26,777350
Cooper Hummel,,2,0,0,0,0,0,2,0,0.0,0.0,2025-06-26,777350
Luis Guillorme,,0,0,0,0,0,0,0,0,0.0,0.0,2025-06-26,777350
Victor Caratini,,1,0,0,0,0,0,0,0,0.0,0.0,2025-06-26,777350
Cam Smith,,3,2,0,0,1,0,1,1,0.0,0.0,2025-06-26,777350
Brandon Walter,,0,0,0,0,0,0,0,0,0.0,0.0,2025-06-26,777350
Hunter Brown,,0,0,0,0,0,0,0,0,0.0,0.0,2025-06-26,777350
Mauricio Dubón,,3,0,0,0,0,0,1,0,0.0,0.0,2025-06-26,777350
Josh Hader,,0,0,0,0,0,0,0,0,0.0,0.0,2025-06-26,777350
Jordan Weems,,0,0,0,0,0,0,0,0,0.0,0.0,2025-06-26,777350
Jake Meyers,,4,1,0,1,0,0,2,0,0.0,0.0,2025-06-26,777350
Steven Okert,,0,0,0,0,0,0,0,0,0.0,0.0,2025-06-26,777350
Kaleb Ort,,0,0,0,0,0,0,0,0,0.0,0.0,2025-06-26,777350
César Salazar,,0,0,0,0,0,0,0,0,0.0,0.0,2025-06-26,777350
Bennett Sousa,,0,0,0,0,0,0,0,0,0.0,0.0,2025-06-26,777350
Jose Altuve,,4,1,0,0,0,0,2,0,0.0,0.0,2025-06-26,777350
Taylor Trammell,,0,0,0,0,0,0,0,0,0.0,0.0,2025-06-26,777350
Ryan Gusto,,0,0,0,0,0,0,0,0,0.0,0.0,2025-06-26,777350
Jeremy Peña,,4,1,0,0,0,0,0,0,0.0,0.0,2025-06-26,777350
Bryan King,,0,0,0,0,0,0,0,0,0.0,0.0,2025-06-26,777350
Nick Hernandez,,0,0,0,0,0,0,0,0,0.0,0.0,2025-06-26,777350
Christian Walker,,4,1,0,0,0,0,1,0,0.0,0.0,2025-06-26,777350
Colton Gordon,,0,0,0,0,0,0,0,0,0.0,0.0,2025-06-26,777350
Yainer Diaz,,3,1,0,0,1,0,1,0,0.0,0.0,2025-06-26,777350
Brandon Marsh,,2,0,0,0,1,0,2,0,0.0,0.0,2025-06-26,777350
Jesús Luzardo,,0,0,0,0,0,0,0,0,0.0,0.0,2025-06-26,777350
Cristopher Sánchez,,0,0,0,0,0,0,0,0,0.0,0.0,2025-06-26,777350
J.T. Realmuto,,0,0,0,0,0,0,0,0,0.0,0.0,2025-06-26,777350
Zack Wheeler,,0,0,0,0,0,0,0,0,0.0,0.0,2025-06-26,777350
Edmundo Sosa,,0,0,0,0,0,0,0,0,0.0,0.0,2025-06-26,777350
Orion Kerkering,,0,0,0,0,0,0,0,0,0.0,0.0,2025-06-26,777350
Nick Castellanos,,4,1,0,0,0,0,2,0,0.0,0.0,2025-06-26,777350
Alec Bohm,,4,0,0,0,0,0,1,0,0.0,0.0,2025-06-26,777350
Joe Ross,,0,0,0,0,0,0,0,0,0.0,0.0,2025-06-26,777350
Buddy Kennedy,,0,0,0,0,0,0,0,0,0.0,0.0,2025-06-26,777350
Bryson Stott,,2,1,0,1,0,1,0,0,0.0,0.0,2025-06-26,777350
Kyle Schwarber,,4,0,0,0,0,0,3,0,0.0,0.0,2025-06-26,777350
Otto Kemp,,3,0,0,0,0,0,1,0,0.0,0.0,2025-06-26,777350
Taijuan Walker,,0,0,0,0,0,0,0,0,0.0,0.0,2025-06-26,777350
Rafael Marchán,,3,2,0,0,0,0,1,0,0.0,0.0,2025-06-26,777350
Matt Strahm,,0,0,0,0,0,0,0,0,0.0,0.0,2025-06-26,777350
Ranger Suárez,,0,0,0,0,0,0,0,0,0.0,0.0,2025-06-26,777350
Tanner Banks,,0,0,0,0,0,0,0,0,0.0,0.0,2025-06-26,777350
Max Lazar,,0,0,0,0,0,0,0,0,0.0,0.0,2025-06-26,777350
Max Kepler,,3,0,0,0,0,0,1,0,0.0,0.0,2025-06-26,777350
Johan Rojas,,0,0,0,0,0,0,0,0,0.0,0.0,2025-06-26,777350
Alan Rangel,,0,0,0,0,0,0,0,0,0.0,0.0,2025-06-26,777350
Jordan Romano,,0,0,0,0,0,0,0,0,0.0,0.0,2025-06-26,777350
Mick Abel,,0,0,0,0,0,0,0,0,0.0,0.0,2025-06-26,777350
Trea Turner,,4,0,0,0,0,0,3,0,0.0,0.0,2025-06-26,777350
Nolan Gorman,,4,0,0,0,0,0,1,0,0.0,0.0,2025-06-26,777348
Matt Svanson,,0,0,0,0,0,0,0,0,0.0,0.0,2025-06-26,777348
Victor Scott II,,0,0,0,0,0,0,0,0,0.0,0.0,2025-06-26,777348
Willson Contreras,,1,0,0,0,0,2,1,0,0.0,0.0,2025-06-26,777348
Steven Matz,,0,0,0,0,0,0,0,0,0.0,0.0,2025-06-26,777348
Nolan Arenado,,3,0,0,0,0,1,1,0,0.0,0.0,2025-06-26,777348
Kyle Leahy,,0,0,0,0,0,0,0,0,0.0,0.0,2025-06-26,777348
Miles Mikolas,,0,0,0,0,0,0,0,0,0.0,0.0,2025-06-26,777348
Lars Nootbaar,,0,0,0,0,0,0,0,0,0.0,0.0,2025-06-26,777348
José Fermín,,0,0,0,0,0,0,0,0,0.0,0.0,2025-06-26,777348
JoJo Romero,,0,0,0,0,0,0,0,0,0.0,0.0,2025-06-26,777348
Garrett Hampson,,3,1,0,0,0,0,1,0,0.0,0.0,2025-06-26,777348
Alec Burleson,,4,1,0,0,0,0,0,0,0.0,0.0,2025-06-26,777348
Sonny Gray,,0,0,0,0,0,0,0,0,0.0,0.0,2025-06-26,777348
John King,,0,0,0,0,0,0,0,0,0.0,0.0,2025-06-26,777348
Thomas Saggese,,4,0,0,0,0,0,1,0,0.0,0.0,2025-06-26,777348
Riley O'Brien,,0,0,0,0,0,0,0,0,0.0,0.0,2025-06-26,777348
Andre Pallante,,0,0,0,0,0,0,0,0,0.0,0.0,2025-06-26,777348
Yohel Pozo,,0,0,0,0,0,0,0,0,0.0,0.0,2025-06-26,777348
Matthew Liberatore,,0,0,0,0,0,0,0,0,0.0,0.0,2025-06-26,777348
Pedro Pagés,,3,0,0,0,0,0,1,0,0.0,0.0,2025-06-26,777348
Brendan Donovan,,4,0,0,0,0,0,1,0,0.0,0.0,2025-06-26,777348
Ryan Helsley,,0,0,0,0,0,0,0,0,0.0,0.0,2025-06-26,777348
Erick Fedde,,0,0,0,0,0,0,0,0,0.0,0.0,2025-06-26,777348
Phil Maton,,0,0,0,0,0,0,0,0,0.0,0.0,2025-06-26,777348
Masyn Winn,,4,1,0,0,0,0,0,0,0.0,0.0,2025-06-26,777348
Daniel Palencia,,0,0,0,0,0,0,0,0,0.0,0.0,2025-06-26,777348
Cade Horton,,0,0,0,0,0,0,0,0,0.0,0.0,2025-06-26,777348
Porter Hodge,,0,0,0,0,0,0,0,0,0.0,0.0,2025-06-26,777348
Kyle Tucker,,4,0,0,0,0,0,1,0,0.0,0.0,2025-06-26,777348
Ian Happ,,4,1,0,0,1,1,1,0,0.0,0.0,2025-06-26,777348
Caleb Thielbar,,0,0,0,0,0,0,0,0,0.0,0.0,2025-06-26,777348
Shota Imanaga,,0,0,0,0,0,0,0,0,0.0,0.0,2025-06-26,777348
Michael Busch,,4,2,1,2,1,0,1,0,0.0,0.0,2025-06-26,777348
Carson Kelly,,4,2,0,0,0,0,0,0,0.0,0.0,2025-06-26,777348
Jameson Taillon,,0,0,0,0,0,0,0,0,0.0,0.0,2025-06-26,777348
Pete Crow-Armstrong,,4,1,0,1,0,0,1,0,0.0,0.0,2025-06-26,777348
Drew Pomeranz,,0,0,0,0,0,0,0,0,0.0,0.0,2025-06-26,777348
Seiya Suzuki,,3,0,0,0,0,1,1,0,0.0,0.0,2025-06-26,777348
Jon Berti,,0,0,0,0,0,0,0,0,0.0,0.0,2025-06-26,777348
Reese McGuire,,0,0,0,0,0,0,0,0,0.0,0.0,2025-06-26,777348
Matthew Boyd,,0,0,0,0,0,0,0,0,0.0,0.0,2025-06-26,777348
Chris Flexen,,0,0,0,0,0,0,0,0,0.0,0.0,2025-06-26,777348
Colin Rea,,0,0,0,0,0,0,0,0,0.0,0.0,2025-06-26,777348
Dansby Swanson,,4,1,0,0,0,0,0,0,0.0,0.0,2025-06-26,777348
Ryan Brasier,,0,0,0,0,0,0,0,0,0.0,0.0,2025-06-26,777348
Ryan Pressly,,0,0,0,0,0,0,0,0,0.0,0.0,2025-06-26,777348
Vidal Bruján,,0,0,0,0,0,0,0,0,0.0,0.0,2025-06-26,777348
Nico Hoerner,,3,1,0,0,0,1,0,0,0.0,0.0,2025-06-26,777348
Brad Keller,,0,0,0,0,0,0,0,0,0.0,0.0,2025-06-26,777348
Matt Shaw,,4,1,0,0,0,0,0,0,0.0,0.0,2025-06-26,777348
Justin Turner,,0,0,0,0,0,0,0,0,0.0,0.0,2025-06-26,777348
Mickey Moniak,,0,0,0,0,0,1,0,0,0.0,0.0,2025-06-26,777344
Victor Vodnik,,0,0,0,0,0,0,0,0,0.0,0.0,2025-06-26,777344
Thairo Estrada,,3,0,0,0,0,1,1,0,0.0,0.0,2025-06-26,777344
Michael Toglia,,3,0,0,0,0,0,2,0,0.0,0.0,2025-06-26,777344
Jimmy Herget,,0,0,0,0,0,0,0,0,0.0,0.0,2025-06-26,777344
Chase Dollander,,0,0,0,0,0,0,0,0,0.0,0.0,2025-06-26,777344
Sam Hilliard,,0,0,0,0,0,0,0,0,0.0,0.0,2025-06-26,777344
Germán Márquez,,0,0,0,0,0,0,0,0,0.0,0.0,2025-06-26,777344
Braxton Fulford,,3,0,0,0,0,0,2,0,0.0,0.0,2025-06-26,777344
Ryan McMahon,,1,0,0,0,0,0,0,0,0.0,0.0,2025-06-26,777344
Austin Gomber,,0,0,0,0,0,0,0,0,0.0,0.0,2025-06-26,777344
Tyler Freeman,,3,0,0,0,0,1,1,0,0.0,0.0,2025-06-26,777344
Juan Mejia,,0,0,0,0,0,0,0,0,0.0,0.0,2025-06-26,777344
Ryan Ritter,,3,1,0,0,0,0,0,0,0.0,0.0,2025-06-26,777344
Hunter Goodman,,0,0,0,0,0,0,0,0,0.0,0.0,2025-06-26,777344
Ryan Rolison,,0,0,0,0,0,0,0,0,0.0,0.0,2025-06-26,777344
Kyle Farmer,,2,0,0,0,0,0,0,0,0.0,0.0,2025-06-26,777344
Tyler Kinley,,0,0,0,0,0,0,0,0,0.0,0.0,2025-06-26,777344
Jordan Beck,,4,0,0,0,0,0,1,0,0.0,0.0,2025-06-26,777344
Brenton Doyle,,3,1,1,1,1,0,0,0,0.0,0.0,2025-06-26,777344
Jake Bird,,0,0,0,0,0,0,0,0,0.0,0.0,2025-06-26,777344
Orlando Arcia,,2,0,0,0,0,0,1,0,0.0,0.0,2025-06-26,777344
Anthony Molina,,0,0,0,0,0,0,0,0,0.0,0.0,2025-06-26,777344
Seth Halvorsen,,0,0,0,0,0,0,0,0,0.0,0.0,2025-06-26,777344
Angel Chivilli,,0,0,0,0,0,0,0,0,0.0,0.0,2025-06-26,777344
Antonio Senzatela,,0,0,0,0,0,0,0,0,0.0,0.0,2025-06-26,777344
Ben Casparius,,0,0,0,0,0,0,0,0,0.0,0.0,2025-06-26,777344
Will Smith,,3,0,0,0,0,1,1,0,0.0,0.0,2025-06-26,777344
Lou Trivino,,0,0,0,0,0,0,0,0,0.0,0.0,2025-06-26,777344
Michael Conforto,,0,0,0,0,0,0,0,0,0.0,0.0,2025-06-26,777344
Dalton Rushing,,0,0,0,0,0,0,0,0,0.0,0.0,2025-06-26,777344
Alex Vesia,,0,0,0,0,0,0,0,0,0.0,0.0,2025-06-26,777344
Enrique Hernández,,4,0,0,0,0,0,2,0,0.0,0.0,2025-06-26,777344
Max Muncy,,0,0,0,0,0,0,0,0,0.0,0.0,2025-06-26,777344
Anthony Banda,,0,0,0,0,0,0,0,0,0.0,0.0,2025-06-26,777344
Freddie Freeman,,4,1,0,0,1,0,0,0,0.0,0.0,2025-06-26,777344
Hyeseong Kim,,0,0,0,0,0,0,0,0,0.0,0.0,2025-06-26,777344
Tanner Scott,,0,0,0,0,0,0,0,0,0.0,0.0,2025-06-26,777344
Tommy Edman,,4,1,0,0,0,0,0,0,0.0,0.0,2025-06-26,777344
Shohei Ohtani,,3,1,1,1,1,1,0,0,0.0,0.0,2025-06-26,777344
Michael Kopech,,0,0,0,0,0,0,0,0,0.0,0.0,2025-06-26,777344
Justin Wrobleski,,0,0,0,0,0,0,0,0,0.0,0.0,2025-06-26,777344
Teoscar Hernández,,4,2,0,0,0,0,1,0,0.0,0.0,2025-06-26,777344
Andy Pages,,4,0,0,0,0,0,3,0,0.0,0.0,2025-06-26,777344
Clayton Kershaw,,0,0,0,0,0,0,0,0,0.0,0.0,2025-06-26,777344
Mookie Betts,,4,2,0,1,1,0,0,0,0.0,0.0,2025-06-26,777344
Miguel Rojas,,4,1,0,1,0,0,0,0,0.0,0.0,2025-06-26,777344
Kirby Yates,,0,0,0,0,0,0,0,0,0.0,0.0,2025-06-26,777344
Jack Dreyer,,0,0,0,0,0,0,0,0,0.0,0.0,2025-06-26,777344
Luis García,,0,0,0,0,0,0,0,0,0.0,0.0,2025-06-26,777344
Dustin May,,0,0,0,0,0,0,0,0,0.0,0.0,2025-06-26,777344
Yoshinobu Yamamoto,,0,0,0,0,0,0,0,0,0.0,0.0,2025-06-26,777344
Casey Schmitt,,0,0,0,0,0,0,0,0,0.0,0.0,2025-06-26,777347
Heliot Ramos,,5,0,0,0,0,0,2,0,0.0,0.0,2025-06-26,777347
Andrew Knizner,,3,1,0,1,0,0,0,0,0.0,0.0,2025-06-26,777347
Randy Rodríguez,,0,0,0,0,0,0,0,0,0.0,0.0,2025-06-26,777347
Logan Webb,,0,0,0,0,0,0,0,0,0.0,0.0,2025-06-26,777347
Ryan Walker,,0,0,0,0,0,0,0,0,0.0,0.0,2025-06-26,777347
Patrick Bailey,,0,0,0,0,0,0,0,0,0.0,0.0,2025-06-26,777347
Wilmer Flores,,5,0,0,0,0,0,1,0,0.0,0.0,2025-06-26,777347
Hayden Birdsong,,0,0,0,0,0,0,0,0,0.0,0.0,2025-06-26,777347
Spencer Bivens,,0,0,0,0,0,0,0,0,0.0,0.0,2025-06-26,777347
Daniel Johnson,,1,0,0,0,0,0,0,0,0.0,0.0,2025-06-26,777347
Dominic Smith,,0,0,0,0,0,0,0,0,0.0,0.0,2025-06-26,777347
Brett Wisely,,4,2,0,0,2,0,0,0,0.0,0.0,2025-06-26,777347
Jung Hoo Lee,,4,1,0,1,0,0,0,0,0.0,0.0,2025-06-26,777347
Joey Lucchesi,,0,0,0,0,0,0,0,0,0.0,0.0,2025-06-26,777347
Rafael Devers,,4,3,1,1,2,1,1,0,0.0,0.0,2025-06-26,777347
Sean Hjelle,,0,0,0,0,0,0,0,0,0.0,0.0,2025-06-26,777347
Tyler Rogers,,0,0,0,0,0,0,0,0,0.0,0.0,2025-06-26,777347
Camilo Doval,,0,0,0,0,0,0,0,0,0.0,0.0,2025-06-26,777347
Christian Koss,,4,2,0,1,0,0,0,0,0.0,0.0,2025-06-26,777347
Willy Adames,,4,3,0,1,1,0,1,0,0.0,0.0,2025-06-26,777347
Mike Yastrzemski,,4,0,0,0,0,0,2,0,0.0,0.0,2025-06-26,777347
Robbie Ray,,0,0,0,0,0,0,0,0,0.0,0.0,2025-06-26,777347
Erik Miller,,0,0,0,0,0,0,0,0,0.0,0.0,2025-06-26,777347
Landen Roupp,,0,0,0,0,0,0,0,0,0.0,0.0,2025-06-26,777347
Justin Verlander,,0,0,0,0,0,0,0,0,0.0,0.0,2025-06-26,777347
Lake Bachar,,0,0,0,0,0,0,0,0,0.0,0.0,2025-06-26,777347
Dane Myers,,5,1,0,1,0,0,1,0,0.0,0.0,2025-06-26,777347
Heriberto Hernandez,,0,0,0,0,0,0,0,0,0.0,0.0,2025-06-26,777347
Sandy Alcantara,,0,0,0,0,0,0,0,0,0.0,0.0,2025-06-26,777347
Edward Cabrera,,0,0,0,0,0,0,0,0,0.0,0.0,2025-06-26,777347
Tyler Phillips,,0,0,0,0,0,0,0,0,0.0,0.0,2025-06-26,777347
Eric Wagaman,,5,1,0,1,2,0,1,0,0.0,0.0,2025-06-26,777347
Ronny Henriquez,,0,0,0,0,0,0,0,0,0.0,0.0,2025-06-26,777347
Cal Quantrill,,0,0,0,0,0,0,0,0,0.0,0.0,2025-06-26,777347
Calvin Faucher,,0,0,0,0,0,0,0,0,0.0,0.0,2025-06-26,777347
Javier Sanoja,,0,0,0,0,0,0,0,0,0.0,0.0,2025-06-26,777347
Cade Gibson,,0,0,0,0,0,0,0,0,0.0,0.0,2025-06-26,777347
Xavier Edwards,,5,1,0,1,2,0,1,0,0.0,0.0,2025-06-26,777347
Kyle Stowers,,3,1,1,1,3,2,2,0,0.0,0.0,2025-06-26,777347
Liam Hicks,,0,0,0,0,0,0,0,0,0.0,0.0,2025-06-26,777347
Nick Fortes,,4,1,0,0,0,0,1,0,0.0,0.0,2025-06-26,777347
Josh Simpson,,0,0,0,0,0,0,0,0,0.0,0.0,2025-06-26,777347
Anthony Bender,,0,0,0,0,0,0,0,0,0.0,0.0,2025-06-26,777347
Jesús Sánchez,,3,1,0,3,0,2,0,0,0.0,0.0,2025-06-26,777347
Agustín Ramírez,,5,3,1,2,3,0,1,0,0.0,0.0,2025-06-26,777347
Janson Junk,,0,0,0,0,0,0,0,0,0.0,0.0,2025-06-26,777347
Connor Norby,,4,1,0,1,1,1,1,0,0.0,0.0,2025-06-26,777347
Jack Winkler,,0,0,0,0,0,0,0,0,0.0,0.0,2025-06-26,777347
Eury Pérez,,0,0,0,0,0,0,0,0,0.0,0.0,2025-06-26,777347
Valente Bellozo,,0,0,0,0,0,0,0,0,0.0,0.0,2025-06-26,777347
Otto Lopez,,3,1,0,2,1,1,0,0,0.0,0.0,2025-06-26,777347
Luis Torrens,,4,0,0,0,0,0,1,0,0.0,0.0,2025-06-26,777352
Paul Blackburn,,0,0,0,0,0,0,0,0,0.0,0.0,2025-06-26,777352
Tyrone Taylor,,3,0,0,0,1,0,2,0,0.0,0.0,2025-06-26,777352
Jeff McNeil,,3,1,0,0,2,1,1,0,0.0,0.0,2025-06-26,777352
Austin Warren,,0,0,0,0,0,0,0,0,0.0,0.0,2025-06-26,777352
Brett Baty,,3,1,0,0,0,1,0,0,0.0,0.0,2025-06-26,777352
Huascar Brazobán,,0,0,0,0,0,0,0,0,0.0,0.0,2025-06-26,777352
Brandon Waddell,,0,0,0,0,0,0,0,0,0.0,0.0,2025-06-26,777352
Griffin Canning,,0,0,0,0,0,0,0,0,0.0,0.0,2025-06-26,777352
Dedniel Núñez,,0,0,0,0,0,0,0,0,0.0,0.0,2025-06-26,777352
José Buttó,,0,0,0,0,0,0,0,0,0.0,0.0,2025-06-26,777352
Pete Alonso,,4,3,0,1,1,0,0,0,0.0,0.0,2025-06-26,777352
David Peterson,,0,0,0,0,0,0,0,0,0.0,0.0,2025-06-26,777352
Starling Marte,,0,0,0,0,0,0,0,0,0.0,0.0,2025-06-26,777352
Frankie Montas,,0,0,0,0,0,0,0,0,0.0,0.0,2025-06-26,777352
Ryne Stanek,,0,0,0,0,0,0,0,0,0.0,0.0,2025-06-26,777352
Clay Holmes,,0,0,0,0,0,0,0,0,0.0,0.0,2025-06-26,777352
Francisco Lindor,,4,1,0,1,0,0,1,0,0.0,0.0,2025-06-26,777352
Edwin Díaz,,0,0,0,0,0,0,0,0,0.0,0.0,2025-06-26,777352
Travis Jankowski,,0,0,0,0,0,0,0,0,0.0,0.0,2025-06-26,777352
Brandon Nimmo,,4,1,0,0,0,0,1,0,0.0,0.0,2025-06-26,777352
Hayden Senger,,0,0,0,0,0,0,0,0,0.0,0.0,2025-06-26,777352
Juan Soto,,3,1,0,2,0,1,0,0,0.0,0.0,2025-06-26,777352
Reed Garrett,,0,0,0,0,0,0,0,0,0.0,0.0,2025-06-26,777352
Ronny Mauricio,,4,1,0,0,0,0,2,0,0.0,0.0,2025-06-26,777352
Jared Young,,0,0,0,0,0,0,0,0,0.0,0.0,2025-06-26,777352
Spencer Strider,,0,0,0,0,0,0,0,0,0.0,0.0,2025-06-26,777352
Nick Allen,,2,0,0,0,0,0,0,0,0.0,0.0,2025-06-26,777352
Dylan Dodd,,0,0,0,0,0,0,0,0,0.0,0.0,2025-06-26,777352
Dylan Lee,,0,0,0,0,0,0,0,0,0.0,0.0,2025-06-26,777352
Michael Harris II,,3,0,0,0,0,0,1,0,0.0,0.0,2025-06-26,777352
Pierce Johnson,,0,0,0,0,0,0,0,0,0.0,0.0,2025-06-26,777352
Rafael Montero,,0,0,0,0,0,0,0,0,0.0,0.0,2025-06-26,777352
Luke Williams,,0,0,0,0,0,0,0,0,0.0,0.0,2025-06-26,777352
Spencer Schwellenbach,,0,0,0,0,0,0,0,0,0.0,0.0,2025-06-26,777352
Didier Fuentes,,0,0,0,0,0,0,0,0,0.0,0.0,2025-06-26,777352
Enyel De Los Santos,,0,0,0,0,0,0,0,0,0.0,0.0,2025-06-26,777352
Alex Verdugo,,0,0,0,0,0,0,0,0,0.0,0.0,2025-06-26,777352
Drake Baldwin,,1,0,0,0,0,0,0,0,0.0,0.0,2025-06-26,777352
Matt Olson,,4,1,0,0,0,0,2,0,0.0,0.0,2025-06-26,777352
Sean Murphy,,3,0,0,0,0,0,3,0,0.0,0.0,2025-06-26,777352
Michael Petersen,,0,0,0,0,0,0,0,0,0.0,0.0,2025-06-26,777352
Ronald Acuña Jr.,,4,0,0,0,0,0,1,0,0.0,0.0,2025-06-26,777352
Aaron Bummer,,0,0,0,0,0,0,0,0,0.0,0.0,2025-06-26,777352
Eli White,,3,1,0,0,0,0,0,0,0.0,0.0,2025-06-26,777352
Ozzie Albies,,3,0,0,0,0,0,1,0,0.0,0.0,2025-06-26,777352
Raisel Iglesias,,0,0,0,0,0,0,0,0,0.0,0.0,2025-06-26,777352
Austin Riley,,3,0,0,0,0,0,1,0,0.0,0.0,2025-06-26,777352
Grant Holmes,,0,0,0,0,0,0,0,0,0.0,0.0,2025-06-26,777352
Bryce Elder,,0,0,0,0,0,0,0,0,0.0,0.0,2025-06-26,777352
Marcell Ozuna,,4,1,0,0,0,0,2,0,0.0,0.0,2025-06-26,777352
Stuart Fairchild,,0,0,0,0,0,0,0,0,0.0,0.0,2025-06-26,777352
